{"cameraMode":{"drawMode":0,"name":"Shaded","section":"Shading Mode"},"sceneLighting":true,"audioPlay":false,"sceneViewState":{"showFog":true,"showMaterialUpdate":false,"showSkybox":true,"showFlares":true,"showImageEffects":true,"showParticleSystems":true},"in2DMode":false,"pivot":{"x":0.6370202898979187,"y":0.843520998954773,"z":0.1422300487756729},"rotation":{"x":0.08981237560510636,"y":-0.08951250463724137,"z":0.008107139728963375,"w":0.991899847984314},"size":6.5925374031066898,"orthographic":false}